[
  {
    "domain": ".ft.com",
    "expirationDate": 1782986107.053609,
    "hostOnly": false,
    "httpOnly": false,
    "name": "FTClientSessionId",
    "path": "/",
    "sameSite": "unspecified",
    "secure": false,
    "session": false,
    "storeId": "0",
    "value": "c143a839-d73d-4ed3-8ec6-9dafa1aab79c"
  },
  {
    "domain": ".ft.com",
    "expirationDate": 1779962107.053636,
    "hostOnly": false,
    "httpOnly": false,
    "name": "spoor-id",
    "path": "/",
    "sameSite": "unspecified",
    "secure": false,
    "session": false,
    "storeId": "0",
    "value": "c143a839-d73d-4ed3-8ec6-9dafa1aab79c"
  },
  {
    "domain": ".ft.com",
    "expirationDate": 1782554107,
    "hostOnly": false,
    "httpOnly": false,
    "name": "_cb",
    "path": "/",
    "sameSite": "unspecified",
    "secure": true,
    "session": false,
    "storeId": "0",
    "value": "DghZUADJY_2wB4OcVV"
  },
  {
    "domain": ".ft.com",
    "expirationDate": 1749030907.572463,
    "hostOnly": false,
    "httpOnly": false,
    "name": "o-typography-fonts-loaded",
    "path": "/",
    "sameSite": "unspecified",
    "secure": false,
    "session": false,
    "storeId": "0",
    "value": "1"
  },
  {
    "domain": ".www.ft.com",
    "expirationDate": 1764150909,
    "hostOnly": false,
    "httpOnly": false,
    "name": "__exponea_etc__",
    "path": "/",
    "sameSite": "no_restriction",
    "secure": true,
    "session": false,
    "storeId": "0",
    "value": "b860a630-8045-470a-86a0-23e646d0310b"
  },
  {
    "domain": ".ft.com",
    "expirationDate": 1779957765.279885,
    "hostOnly": false,
    "httpOnly": false,
    "name": "usnatUUID",
    "path": "/",
    "sameSite": "no_restriction",
    "secure": true,
    "session": false,
    "storeId": "0",
    "value": "2f300068-20d3-4a3e-8d77-54e28c1cef54"
  },
  {
    "domain": ".www.ft.com",
    "expirationDate": 1764150908,
    "hostOnly": false,
    "httpOnly": false,
    "name": "__exponea_time2__",
    "path": "/",
    "sameSite": "no_restriction",
    "secure": true,
    "session": false,
    "storeId": "0",
    "value": "-1.0165693759918213"
  },
  {
    "domain": ".ft.com",
    "expirationDate": 1779957772.188702,
    "hostOnly": false,
    "httpOnly": false,
    "name": "consentUUID",
    "path": "/",
    "sameSite": "no_restriction",
    "secure": true,
    "session": false,
    "storeId": "0",
    "value": "e2dae47c-b3ed-498f-be2e-fc2e558a9002_44"
  },
  {
    "domain": ".ft.com",
    "expirationDate": 1779957772.188861,
    "hostOnly": false,
    "httpOnly": false,
    "name": "consentDate",
    "path": "/",
    "sameSite": "no_restriction",
    "secure": true,
    "session": false,
    "storeId": "0",
    "value": "2025-05-28T08:42:51.060Z"
  },
  {
    "domain": ".ft.com",
    "expirationDate": 1764319373.396353,
    "hostOnly": false,
    "httpOnly": false,
    "name": "FTCookieConsentGDPR",
    "path": "/",
    "sameSite": "unspecified",
    "secure": false,
    "session": false,
    "storeId": "0",
    "value": "true"
  },
  {
    "domain": ".ft.com",
    "hostOnly": false,
    "httpOnly": true,
    "name": "_csrf",
    "path": "/",
    "sameSite": "strict",
    "secure": true,
    "session": true,
    "storeId": "0",
    "value": "T_kX2YvBFuU9rmUzmJpeI1tz"
  },
  {
    "domain": ".ft.com",
    "expirationDate": 1779957776,
    "hostOnly": false,
    "httpOnly": false,
    "name": "_clck",
    "path": "/",
    "sameSite": "unspecified",
    "secure": false,
    "session": false,
    "storeId": "0",
    "value": "1ibfhzh%7C2%7Cfwa%7C0%7C1974"
  },
  {
    "domain": ".ft.com",
    "expirationDate": 1756197776,
    "hostOnly": false,
    "httpOnly": false,
    "name": "_gcl_au",
    "path": "/",
    "sameSite": "unspecified",
    "secure": false,
    "session": false,
    "storeId": "0",
    "value": "1.1.82884596.1748421776.779459442.1748421784.1748421804"
  },
  {
    "domain": ".ft.com",
    "expirationDate": 1764319405.366167,
    "hostOnly": false,
    "httpOnly": false,
    "name": "FTSession_s",
    "path": "/",
    "sameSite": "unspecified",
    "secure": true,
    "session": false,
    "storeId": "0",
    "value": "03LB46-sgEhx07BrgZBhVTNa0wAAAZcWD4C9w8I.MEUCIQC4bZoyNnvREeoJawyLUE0gxFt81DsywgrEJZPCOfH01gIgNwAYouQ4hf4PBmuG3iH256mAKc6E3KZ2CXbbqWktIeg"
  },
  {
    "domain": ".ft.com",
    "expirationDate": 1764323707.053393,
    "hostOnly": false,
    "httpOnly": false,
    "name": "FTConsent",
    "path": "/",
    "sameSite": "unspecified",
    "secure": false,
    "session": false,
    "storeId": "0",
    "value": "behaviouraladsOnsite%3Aon%2CcookiesOnsite%3Aon%2CcookiesUseraccept%3Aoff%2CdemographicadsOnsite%3Aon%2CenhancementByemail%3Aon%2CenhancementByfax%3Aoff%2CenhancementByphonecall%3Aoff%2CenhancementBypost%3Aoff%2CenhancementBysms%3Aoff%2CmarketingByemail%3Aon%2CmarketingByfax%3Aoff%2CmarketingByphonecall%3Aoff%2CmarketingBypost%3Aoff%2CmarketingBysms%3Aoff%2CmembergetmemberByemail%3Aoff%2CpermutiveadsOnsite%3Aon%2CpersonalisedmarketingOnsite%3Aon%2CprogrammaticadsOnsite%3Aon%2CrecommendedcontentOnsite%3Aon"
  },
  {
    "domain": ".ft.com",
    "expirationDate": 1779962107.053579,
    "hostOnly": false,
    "httpOnly": false,
    "name": "FTAllocation",
    "path": "/",
    "sameSite": "unspecified",
    "secure": false,
    "session": false,
    "storeId": "0",
    "value": "72c1e3af-ac80-4871-b06b-81906155335a"
  },
  {
    "domain": ".ft.com",
    "expirationDate": 1764323708,
    "hostOnly": false,
    "httpOnly": false,
    "name": "permutive-id",
    "path": "/",
    "sameSite": "no_restriction",
    "secure": true,
    "session": false,
    "storeId": "0",
    "value": "41b065cd-b422-4f62-8c29-5854863d16b4"
  },
  {
    "domain": ".ft.com",
    "expirationDate": 1748427907,
    "hostOnly": false,
    "httpOnly": false,
    "name": "_cb_svref",
    "path": "/",
    "sameSite": "unspecified",
    "secure": true,
    "session": false,
    "storeId": "0",
    "value": "external"
  },
  {
    "domain": "www.ft.com",
    "expirationDate": 1748426385,
    "hostOnly": true,
    "httpOnly": false,
    "name": "dicbo_id",
    "path": "/",
    "sameSite": "unspecified",
    "secure": false,
    "session": false,
    "storeId": "0",
    "value": "%7B%22dicbo_fetch%22%3A1748426085803%7D"
  },
  {
    "domain": ".ft.com",
    "expirationDate": 1782117771,
    "hostOnly": false,
    "httpOnly": false,
    "name": "__gads",
    "path": "/",
    "sameSite": "no_restriction",
    "secure": true,
    "session": false,
    "storeId": "0",
    "value": "ID=d76f09a189209748:T=1748421771:RT=1748426085:S=ALNI_MbZ78tVUSw_YlWWnFE5uEwYqgiChg"
  },
  {
    "domain": ".ft.com",
    "expirationDate": 1763973771,
    "hostOnly": false,
    "httpOnly": false,
    "name": "__eoi",
    "path": "/",
    "sameSite": "no_restriction",
    "secure": true,
    "session": false,
    "storeId": "0",
    "value": "ID=3df0a6092da96ec9:T=1748421771:RT=1748426085:S=AA-AfjYmyzMVZ0o8RBj2QU9VGa4x"
  },
  {
    "domain": ".ft.com",
    "expirationDate": 1748427907.053506,
    "hostOnly": false,
    "httpOnly": false,
    "name": "OriginalReferer",
    "path": "/",
    "sameSite": "unspecified",
    "secure": false,
    "session": false,
    "storeId": "0",
    "value": "Direct"
  },
  {
    "domain": ".ft.com",
    "expirationDate": 1748427907.053547,
    "hostOnly": false,
    "httpOnly": false,
    "name": "FtComEntryPoint",
    "path": "/",
    "sameSite": "unspecified",
    "secure": false,
    "session": false,
    "storeId": "0",
    "value": "/content/fd492394-966a-4cb9-ace3-c448db306bbb"
  },
  {
    "domain": ".ft.com",
    "hostOnly": false,
    "httpOnly": false,
    "name": "ft-access-decision-policy",
    "path": "/",
    "sameSite": "unspecified",
    "secure": false,
    "session": true,
    "storeId": "0",
    "value": "SUBSCRIPTION_POLICY"
  },
  {
    "domain": ".ft.com",
    "expirationDate": 1779962098,
    "hostOnly": false,
    "httpOnly": false,
    "name": "zit.data.toexclude",
    "path": "/",
    "sameSite": "lax",
    "secure": false,
    "session": false,
    "storeId": "0",
    "value": "0"
  },
  {
    "domain": ".ft.com",
    "expirationDate": 1751018098,
    "hostOnly": false,
    "httpOnly": false,
    "name": "_sxh",
    "path": "/",
    "sameSite": "lax",
    "secure": false,
    "session": false,
    "storeId": "0",
    "value": "1669,"
  },
  {
    "domain": ".ft.com",
    "expirationDate": 1748429698.814617,
    "hostOnly": false,
    "httpOnly": true,
    "name": "_fs_cd_cp_pRdRgnTnF68pCV2F",
    "path": "/",
    "sameSite": "lax",
    "secure": true,
    "session": false,
    "storeId": "0",
    "value": "AbvbkQOvwVdL_KngoqhcKZ8BUxMYQpqDQU_iKSIhwqGa1LOhYisqj6WY0X2H_KjsyNY_7oB6ZTobQkE_eXrK4vkQx9dUfMXXF-MF2aLeNvOM8rjpAOvypI-cBHgZWfded0BMJjoNnbqWBAOmLny8foF6Eg=="
  },
  {
    "domain": ".ft.com",
    "expirationDate": 1748427299,
    "hostOnly": false,
    "httpOnly": false,
    "name": "sessionId",
    "path": "/",
    "sameSite": "lax",
    "secure": false,
    "session": false,
    "storeId": "0",
    "value": "3894355"
  },
  {
    "domain": ".ft.com",
    "expirationDate": 1748427299,
    "hostOnly": false,
    "httpOnly": false,
    "name": "_sxoSource",
    "path": "/",
    "sameSite": "lax",
    "secure": false,
    "session": false,
    "storeId": "0",
    "value": "https://www.ft.com/"
  },
  {
    "domain": ".ft.com",
    "expirationDate": 1751018099,
    "hostOnly": false,
    "httpOnly": false,
    "name": "_sanba",
    "path": "/",
    "sameSite": "lax",
    "secure": false,
    "session": false,
    "storeId": "0",
    "value": "0"
  },
  {
    "domain": ".ft.com",
    "expirationDate": 1748427299,
    "hostOnly": false,
    "httpOnly": false,
    "name": "_sf",
    "path": "/",
    "sameSite": "lax",
    "secure": false,
    "session": false,
    "storeId": "0",
    "value": "1"
  },
  {
    "domain": "www.ft.com",
    "expirationDate": 1748426399,
    "hostOnly": true,
    "httpOnly": false,
    "name": "__adblocker",
    "path": "/",
    "sameSite": "unspecified",
    "secure": false,
    "session": false,
    "storeId": "0",
    "value": "false"
  },
  {
    "domain": ".ft.com",
    "expirationDate": 1779962101,
    "hostOnly": false,
    "httpOnly": false,
    "name": "_sxo",
    "path": "/",
    "sameSite": "lax",
    "secure": false,
    "session": false,
    "storeId": "0",
    "value": "{\"R\":0,\"tP\":0,\"tM\":0,\"sP\":1,\"sM\":0,\"dP\":1,\"dM\":0,\"dS\":1,\"tS\":0,\"cPs\":20,\"lPs\":[0],\"sSr\":0,\"sWids\":[],\"wN\":0,\"cdT\":0,\"F\":1,\"RF\":1,\"w\":0,\"SFreq\":1,\"last_wid\":0,\"bid\":1036,\"accNo\":\"\",\"clientId\":\"\",\"isEmailAud\":0,\"isPanelAud\":0,\"hDW\":0,\"isRegAud\":0,\"isExAud\":0,\"isDropoff\":0,\"devT\":0,\"exPW\":0,\"Nba\":-1,\"userName\":\"\",\"dataLayer\":\"\",\"localSt\":\"\",\"emailId\":\"\",\"emailTag\":\"\",\"subTag\":\"\",\"lVd\":\"2025-5-28\",\"oS\":\"c143a839-d73d-4ed3-8ec6-9dafa1aab79c\",\"cPu\":\"https://www.ft.com/content/fd492394-966a-4cb9-ace3-c448db306bbb\",\"pspv\":0,\"pslv\":0,\"pssSr\":0,\"pswN\":0,\"psdS\":0,\"pscdT\":0,\"RP\":0,\"TPrice\":0,\"ML\":\"\",\"isReCaptchaOn\":false,\"reCaptchaSiteKey\":\"\",\"reCaptchaSecretKey\":\"\",\"extRefer\":\"\",\"dM2\":0,\"tM2\":0,\"sM2\":0,\"RA\":0,\"ToBlock\":-1,\"CC\":null,\"groupName\":null}"
  },
  {
    "domain": ".ft.com",
    "expirationDate": 1782554107,
    "hostOnly": false,
    "httpOnly": false,
    "name": "_chartbeat2",
    "path": "/",
    "sameSite": "unspecified",
    "secure": true,
    "session": false,
    "storeId": "0",
    "value": ".1748421763062.1748426107660.1.DmC2sxDgD5cmD2-3PXDVMgLFtgB2i.3"
  },
  {
    "domain": ".ft.com",
    "expirationDate": 1748426167,
    "hostOnly": false,
    "httpOnly": false,
    "name": "_chartbeat5",
    "path": "/",
    "sameSite": "unspecified",
    "secure": true,
    "session": false,
    "storeId": "0",
    "value": ""
  },
  {
    "domain": ".ft.com",
    "expirationDate": 1756202108,
    "hostOnly": false,
    "httpOnly": false,
    "name": "_rdt_uuid",
    "path": "/",
    "sameSite": "strict",
    "secure": true,
    "session": false,
    "storeId": "0",
    "value": "1748421775915.f527f4c3-c396-4db0-bd3f-77e29c6aaf85"
  },
  {
    "domain": ".ft.com",
    "expirationDate": 1748512508,
    "hostOnly": false,
    "httpOnly": false,
    "name": "_uetsid",
    "path": "/",
    "sameSite": "unspecified",
    "secure": false,
    "session": false,
    "storeId": "0",
    "value": "c05f90a03b9f11f09bbb0f0c9236fe0d"
  },
  {
    "domain": ".ft.com",
    "expirationDate": 1782122108,
    "hostOnly": false,
    "httpOnly": false,
    "name": "_uetvid",
    "path": "/",
    "sameSite": "unspecified",
    "secure": false,
    "session": false,
    "storeId": "0",
    "value": "c05fbe203b9f11f0bd78d9d71185f66f"
  },
  {
    "domain": ".ft.com",
    "expirationDate": 1748512508,
    "hostOnly": false,
    "httpOnly": false,
    "name": "_clsk",
    "path": "/",
    "sameSite": "unspecified",
    "secure": false,
    "session": false,
    "storeId": "0",
    "value": "pk4w75%7C1748426108832%7C3%7C0%7Cj.clarity.ms%2Fcollect"
  }
]